ABC,ID
17.929456992768486,0001
13.450218519401124,0002
19.57453088858587,0003
20.9078642219192,0004
17.929456992768486,0005
24.931725309556136,0006
8.163363133678393,0007
9.968444621832965,0008*
16.079286907029545,0009
17.80606288643285,0010
17.76562277191297,0011
10.89433100250187,0012
7.180457611606656,0013^
9.261337840646418,0014^
9.261337840646418,0015^
14.837311861099037,0016
14.837311861099037,0017
14.837311861099037,0018
14.837311861099037,0019
17.89644912914605,0022^
16.160167136069308,0023
7.956514078014501,0024^
7.956514078014501,0025^
33.09508844323452,0026*
34.76852171960984,0027*
7.180457611606656,0028^
6.7911880756158896,0029^
3.644923705673916,0030
3.047206724228547,0031
14.837311861099037,0032^
5.875633848974738,0033^
17.213261503245107,0034
7.985023648715917,0035^
7.985023648715917,0036
6.501860401121524,0037
6.501860401121524,0038
14.837311861099037,0039
17.213261503245107,0040
7.985023648715917,0041
7.985023648715917,0042
7.985023648715917,0043
17.213261503245107,0044
8.720489810460412,0045
18.627475065618203,0046
10.134703372833508,0047
15.786967206910077,0048
8.663620859201048,0049*
70.13365023225977,0050
52.939717476664434,0051
36.56956335497087,0052
37.324450379079934,0053
38.17118030808838,0054
38.17118030808838,0055
5.972942914753984,0056
17.213261503245107,0057
6.363961030678929,0058^
5.6568542494923815,0059^
16.66507334465645,0060
5.059137268047012,0061^
6.473350830420108,0062^
5.059137268047012,0063^
17.920368284431657,0064
16.101132299539156,0065
15.346245275430075,0066
15.325075833131311,0067
14.57018880902223,0068
11.877236524573608,0069^
14.48688404983744,0070
15.08460103128281,0071
15.056091460581394,0072
15.613368327506882,0073
14.13020507991249,0074
15.613368327506882,0075
14.13020507991249,0076
14.837311861099037,0077
15.653808442026763,0078
14.837311861099037,0079
16.507753111849272,0080
15.613368327506882,0081*
15.613368327506882,0082*
15.613368327506882,0083*
14.837311861099037,0084
14.13020507991249,0085
14.837311861099037,0086
14.837311861099037,0087
13.710827583429596,0088^
15.015651346061514,0089^
13.710827583429596,0090^
14.308544564874966,0091
14.308544564874966,0092
13.710827583429596,0093^
12.655567330983011,0094^
13.767546344545494,0095^
11.865005600468207,0096^
12.462722581913576,0097^
15.068022004399861,0098^
14.08618492754071,0099
14.08618492754071,0100
15.763198241767942,0101
13.95811675361337,0102^
13.2792191628413,0103^
9.698897039611131,0104*
15.775128785586409,0105^
21.43198303507878,0106^
20.15566884314829,0107^
19.229782462479385,0108^
17.2582920331808,0109^
17.89644912914605,0110^
17.29873214770068,0111^
17.29873214770068,0112^
17.189342347959503,0113^
16.482235566772957,0114^
17.189342347959503,0115^
12.946701660840217,0116^
15.775128785586409,0117^
19.93688924366593,0118^
19.62849993671492,0119^
17.40812194744186,0120^
17.40812194744186,0121^
18.074788614108524,0122^
19.27022257699926,0123^
18.115228728628406,0124^
18.563115795812713,0125^
18.1841784138497,0126^
17.965398814367344,0127^
11.6418778982083,0128^
16.482235566772957,0129^
17.445570036336637,0130^
15.068022004399861,0131^
15.775128785586409,0132^
18.262066617264363,0133^
17.40812194744186,0134^
17.189342347959503,0135^
23.610322520041255,0136
24.20803950148662,0137
24.20803950148662,0138
22.793825939113532,0139
18.1841784138497,0140*
18.91979476573766,0141*
20.046279043407104,0142*
20.046279043407104,0143*
19.794758687715465,0144*
19.339172262220554,0145*
19.270222576999263,0146*
19.339172262220554,0147*
17.89644912914605,0148*
19.339172262220554,0149*
16.103298184809944,0150*
18.1841784138497,0151*
18.1841784138497,0152*
17.367681832921978,0153*
17.367681832921978,0154*
17.29873214770068,0155*
17.965398814367344,0156*
17.367681832921978,0157*
18.850845080516365,0158*
19.51751174718303,0159*
18.741455280775188,0160*
17.965398814367344,0161*
17.965398814367344,0162*
19.27022257699926,0163*
19.566890379896275,0164*
18.85978359870973,0165*
15.884518585327587,0166*
17.507179593155282,0167*
21.351102806039016,0168*
17.965398814367344,0169*
19.31066269151914,0170*
18.63206548103401,0171*
18.850845080516365,0172*
17.29873214770068,0173*
21.351102806039016,0174*
18.603555910332595,0175*
17.89644912914605,0176*
20.724876253892234,0177*
16.800072811968736,0178*
20.046279043407104,0179*
18.334008328110762,0180*
19.97732935818581,0181*
16.55118525199425,0182*
10.274201133066816,0183*
17.213261503245107,0184*
17.213261503245107,0185*
17.213261503245107,0186*
17.965398814367344,0187*
19.270222576999263,0188*
7.3183569820492504,0190
13.360399772168,0191*
14.665223534799917,0192*
13.503978527765705,0193*
14.348984679394846,0194
13.360399772168,0195*
13.95811675361337,0196^
13.503978527765705,0197^
12.796871746579157,0198^
14.170645194432371,0199^
13.572928212987001,0200^
14.211085308952253,0201^
13.613368327506883,0202^
3.0472067242285474,0203^
13.360399772168,0204*
10.979559334319184,0205^
18.798474422178025,0206
18.867424107399323,0207
20.708564334422437,0211*
18.939065437958778,0212*
23.420052491260314,0213*
20.0462790434071,0214*
17.84443770071565,0215^
12.584343305760155,0216
12.584343305760155,0217^
12.584343305760155,0218^
14.837311861099037,0219
15.056091460581394,0220^
16.579694822695668,0221
14.837311861099037,0222
11.84872695387219,0223
13.463538413245823,0224^
13.492407213855188,0226*
15.661507800337363,0230*
8.024579547452822,0231^
14.239594879653668,0232
17.096531575101274,0233
16.389424793914728,0234
17.803638356287824,0235
20.77017389124108,0257*
19.69570104200204,0258*
22.155668843148284,0259*
21.586670472168805,0266*
12.078193651482092,0269*
12.78530043266864,0270*
18.442154682161014,0272*
13.711186813337545,0273*
20.305498757409342,0276*
21.121995338337065,0277*
20.305498757409342,0278*
21.12199533833706,0281*
16.478004381265087,0282*
21.19094502355836,0283*
21.788662005003726,0284*
17.258292033180798,0285^
17.258292033180798,0286^
17.258292033180798,0287^
16.478004381265087,0288*
16.478004381265087,0289*
13.23443094554387,0290^
27.620863713833483,0297^
25.95042246308325,0298^
22.276989186707922,0301*
18.960234880257545,0303*
18.14373829932982,0304*
20.972165424076003,0306*
17.258292033180798,0307*
20.0462790434071,0309*
19.51751174718304,0310*
18.074788614108524,0311*
18.67250559555389,0312*
19.557951861702918,0313*
18.67250559555389,0314*
18.074788614108524,0315*
18.67250559555389,0316*
19.557951861702918,0317*
20.75338582459365,0318*
20.75338582459365,0319*
20.972165424076003,0322*
21.081555223817183,0324*
20.90321573885471,0325*
20.305498757409342,0326*
20.305498757409342,0329*
20.90321573885471,0330*
20.30549875740934,0331*
21.788662005003737,0332*
20.90321573885471,0334*
22.732575612202833,0335*
18.005838928887226,0336*
18.71294571007377,0337*
18.14373829932982,0340*
18.14373829932982,0341*
17.258292033180798,0342*
12.815053449060976,0343*
11.929607182911953,0344*
12.815053449060976,0345*
12.636713964098501,0346*
11.331890201466583,0347*
10.515393620538857,0348*
17.075721362710457,0356*
17.075721362710457,0357*
19.396191403623394,0358
13.758967056260074,0374*
16.269707125953953,0376*
14.010487411951715,0383*
13.412770430506345,0389*
12.815053449060976,0390*
13.412770430506345,0391*
12.815053449060976,0392*
13.562600344767406,0394*
14.010487411951715,0400*
13.412770430506345,0401*
14.160317326212775,0402*
17.692859206520406,0410*
17.692859206520406,0411*
18.24104736510906,0412*
11.998556868133251,0414*
12.74610376383968,0415*
14.29821669665537,0421*
13.23443094554387,0437*
13.23443094554387,0438*
13.970047297431835,0443*
15.391450798064115,0445*
16.867273917255854,0454*
13.941537726730418,0458*
16.335489792851803,0459*
11.820217383170775,0460*
14.149985172185021,0461*
16.798474422178025,0472*
12.596273849578619,0474*
11.929607182911953,0476*
11.113110601984227,0477*
11.222500401725405,0478*
19.86927511885036,0480*
19.86927511885036,0481*
18.231958656772235,0482*
18.17224787003124,0483*
18.231958656772235,0484*
19.114388094741273,0485*
17.477071632663154,0486*
12.527324164357323,0488*
16.091367640991475,0491*
16.050927526471593,0492*
13.05186027507353,0493*
14.78654387835956,0494*
14.079437097173011,0495*
14.050927526471597,0496*
13.23443094554387,0497*
14.119877211692893,0498*
12.636713964098501,0499*
14.608204393397086,0500*
15.493650659546109,0501*
14.608204393397084,0502*
14.010487411951715,0503*
14.717594193138263,0505*
15.315311174583634,0514*
14.717594193138263,0515*
14.010487411951715,0516*
13.901097612210538,0519*
14.786543878359561,0520*
13.901097612210537,0521*
13.303380630765167,0522*
13.343820745285049,0523*
14.717594193138263,0525*
11.929607182911953,0526*
12.527324164357323,0527*
11.929607182911953,0528*
14.648644507916968,0535*
12.527324164357323,0536*
11.820217383170775,0549*
13.19399083102399,0550*
12.486884049837442,0551*
11.113110601984227,0552*
14.414796434655733,0553*
14.09870776939413,0554*
13.002331452216815,0555*
12.815053449060976,0556*
11.331890201466583,0557*
12.636713964098501,0560*
15.42470097432481,0563*
14.648644507916968,0564*
14.717594193138263,0565*
13.94153772673042,0566*
12.417934364616146,0568*
13.780136498558841,0570*
13.004080032150995,0571*
13.412770430506345,0576*
13.412770430506345,0580*
13.343820745285049,0583*
13.23443094554387,0584*
12.038996982653131,0585*
13.453210545026227,0586*
15.465141088844693,0587*
13.82057661307872,0589*
12.855493563580858,0590*
12.417934364616146,0591^
11.222500401725405,0592^
11.331890201466583,0593^
11.331890201466583,0594^
11.113110601984227,0595^
11.003720802243048,0596^
11.003720802243048,0597^
10.406003820797679,0598^
10.2966140210565,0599^
11.820217383170775,0600^
13.832147926989242,0602^
10.406003820797679,0604^
11.113110601984227,0605^
14.050927526471597,0608^
13.234430945543872,0609^
13.234430945543872,0610^
13.23443094554387,0611^
7.249407296827953,0612^
7.249407296827953,0613^
8.55423105945987,0614^
7.847124278273323,0615^
13.23443094554387,0616^
13.125041145802694,0617^
13.941537726730418,0618^
9.261337840646418,0620^
7.358797096569131,0621
6.473350830420108,0622^
27.140022564867255,0623
12.584343305760155,0624^
12.584343305760155,0625^
12.584343305760155,0626^
12.584343305760155,0627
12.796871746579157,0628
15.056091460581394,0629
17.213261503245107,0630
16.975061041398167,0631
12.681502181395933,0632^
9.35879709656913,0633
34.92008328094726,0634
17.213261503245107,0635
7.956514078014501,0636^
13.291450086946703,0637*
13.998556868133251,0638^
13.998556868133251,0639^
13.998556868133251,0640^
17.075721362710457,0641^
17.075721362710457,0642^
8.485281374238573,0643
7.180457611606656,0644^
17.213261503245107,0645
17.213261503245107,0646
17.213261503245107,0647
17.213261503245107,0648
17.213261503245107,0649
17.213261503245107,0650
17.213261503245107,0651
17.213261503245107,0652
17.213261503245107,0653
17.213261503245107,0654
17.213261503245107,0655
17.213261503245107,0656
17.213261503245107,0657
17.213261503245107,0658
17.213261503245107,0659
17.213261503245107,0660
17.213261503245107,0661
17.213261503245107,0662
17.213261503245107,0663
17.213261503245107,0664
18.518085265877026,0665
18.518085265877023,0666
15.661507800337363,0667^
17.213261503245107,0668
17.213261503245107,0669
17.213261503245107,0670
17.213261503245107,0671
17.213261503245107,0672
10.25318188091152,0673
10.25318188091152,0674
16.477645151357144,0675
17.213261503245107,0676
17.213261503245107,0677
17.213261503245107,0678
17.213261503245107,0679
17.213261503245107,0680
25.84568114640658,0681
17.213261503245107,0682
8.70406097372093,0683
12.527324164357323,0684
17.810978484690477,0685
34.54974212012749,0686
10.118274536094026,0687
16.610653726096988,0688
16.610653726096988,0689
21.908379672964507,0690*
12.796871746579157,0691^
14.837311861099037,0692^
17.782828143897003,0693^
12.796871746579157,0694^
8.34330100843158,0695
15.584858756805467,0696^
13.572928212987001,0697*
13.613368327506883,0698*
13.613368327506883,0699^
20.85084508051637,0700*
13.572928212987001,0701*
14.170645194432371,0702*
6.473350830420108,0703
16.66507334465645,0704*
8.053823143793746,0705
8.941017989876947,0706
8.164961523469103,0707^
8.941017989876947,0708^
17.213261503245107,0709*
8.34330100843158,0710
7.567244542023735,0711
7.567244542023735,0712^
9.439677325608892,0713^
8.761080115123761,0714
17.213261503245107,0715
18.627475065618203,0716
10.293621995431398,0717
17.213261503245107,0718
17.213261503245107,0719
8.720489810460412,0720
12.33705413557638,0721
16.615544521799734,0722
8.941017989876949,0723
8.205401637988984,0724
8.941017989876949,0725^
8.205401637988984,0726
10.293621995431398,0727^
10.293621995431398,0728
10.293621995431398,0729^
20.131807755511357,0730
18.67715407861838,0731
9.648124771063495,0732^
10.293621995431398,0733^
10.293621995431398,0734
18.098707769394128,0735
17.920368284431653,0736
17.920368284431653,0737
8.82987961020159,0738
14.764130990369875,0739
10.253181880911516,0740^
53.60632606790246,0741
62.258016383285025,0742
70.90970669866762,0743
15.613368327506882,0744
15.613368327506882,0745
16.389424793914728,0746
16.975061041398167,0747
37.21761049707237,0748
47.24307426030816,0749
45.75991101271376,0750
46.64535727886278,0751
46.64535727886278,0752
47.243074260308155,0753
46.64535727886279,0754
7.607684656543615,0756
7.607684656543615,0757
6.7911880756158896,0758
2.121320343559643,0759
51.25523864644599,0762
52.6290120942992,0763
62.72342554275627,0764
61.85006001056917,0765
62.02839949553164,0766
9.439677325608892,0768
46.607049776739906,0769
11.313708498984765,0770
5.6568542494923815,0771
44.307239758074324,0772
44.34783006273767,0773
13.269688346612984,0774
15.346245275430075,0775
14.508579252203585,0776
22.922995831127235,0778
13.23443094554387,0780^
33.0900474573883,0784
15.193990831023989,0785^
18.005838928887226,0786
0.0,0787
8.134853562976977,0788
60.83471411257511,0789
52.183023797192526,0790
6.133610117286053,0791
16.5098609216914,0792
18.954250829007353,0793
51.817406309074215,0794
51.926796108815395,0795
22.276989186707922,0796
17.30338063076517,0797
2.449489742783178,0798
8.134853562976977,0799
51.389803694213334,0800
51.389803694213334,0801
17.80606288643285,0802
54.356130189402116,0803
54.137350589919755,0804
35.83584577316055,0805
20.79382593911353,0806
12.348984679394848,0807
8.254930460845697,0808
45.19443460415753,0809
42.96372446085671,0810
8.962037242032245,0811
8.254930460845697,0812^
9.669144023218793,0813
7.5478236796591505,0814
3.932652990377571,0816
6.6112502008627025,0818
6.163363133678393,0819
8.761080115123761,0820
8.761080115123761,0821
6.87046991486494,0822
8.065903877755678,0823
20.172247870031242,0825
17.94153772673042,0826
3.644923705673916,0827
3.932652990377571,0828
46.607049776739906,0829
6.013533219417333,0830
17.30338063076517,0831
17.26279032610182,0832
6.163363133678392,0833
17.372180125842995,0834
6.6516903153825835,0835
17.30338063076517,0836
25.845681146406573,0837
8.094413448457095,0838
5.944583534196036,0839
5.237476753009488,0840
8.773010658942226,0841
8.82987961020159,0842
8.163363133678393,0843
4.53036997182294,0844
8.094413448457095,0845
8.82987961020159,0846
5.415816237971963,0847
11.520557554648654,0848
9.589507239869953,0849
9.411167754907478,0850
43.799699979577674,0851
5.415816237971963,0852
4.53036997182294,0853
5.128086953268309,0854
9.439677325608892,0855
2.121320343559643,0856
65.25016081161702,0857
65.25016081161702,0858
73.79246132725847,0859
74.49956810844502,0860
73.90185112699965,0861
83.04186862408645,0862
82.44415164264107,0863
81.84643466119572,0864
81.84643466119572,0865
81.84643466119572,0866
8.134853562976977,0867
4.949747468305834,0868
8.094413448457095,0869
17.213261503245107,0870
25.117104542634316,0871
25.117104542634316,0872
25.682080767870403,0873
55.14935029238129,0874
26.593903992323856,0875
3.644923705673916,0876
3.0472067242285474,0877
11.6418778982083,0878
23.219454594259794,0879
34.92008328094726,0880
44.83615724444185,0881
36.29385672880047,0882
36.29385672880047,0883
46.607049776739906,0884
46.607049776739906,0885
61.48195991687718,0886
2.449489742783178,0887
19.79898987322333,0888
17.965398814367344,0889
69.27970556243726,0890
17.258292033180798,0891
12.67416205299328,0892
16.648644507916966,0893
23.81717157570516,0894
25.190945023558374,0895
25.190945023558374,0896
31.761755109901184,0897
24.593228042113005,0898
33.842635338940944,0899
33.830704795122486,0900
25.17901447973991,0901
8.134853562976977,0902
8.898979485566356,0903
16.18882689691419,0904
8.134853562976977,0905
16.746103763839677,0906
70.02426043251859,0907
10.365563706277797,0908
17.92945699276849,0909
16.19900457499032,0910
17.303380630765165,0911
17.35136991345218,0912
17.35136991345218,0913
16.6367139640985,0914
25.755562018886522,0915
25.755562018886522,0916
3.932652990377571,0917
7.128446183176255,0918
7.128446183176255,0919
6.6112502008627025,0920
13.94153772673042,0928
9.698897039611131,0929
11.113110601984227,0930
12.417934364616146,0935
8.761080115123761,0936
8.761080115123761,0937
6.6516903153825835,0938
7.358797096569131,0939^
23.598391976222803,0940
8.761080115123761,0941
5.835193734454857,0942
8.163363133678393,0943
4.53036997182294,0944
8.82987961020159,0945
5.415816237971963,0946
19.936889243665927,0947
4.53036997182294,0948
16.6367139640985,0949
17.372180125843,0950
9.510225400620902,0951
8.732570544422344,0952
8.623180744681168,0953
8.623180744681168,0954
8.623180744681168,0955
8.761080115123761,0956
4.87656659757667,0957
9.35879709656913,0958
9.378067768790249,0959
8.134853562976977,0960
7.985023648715917,0961
9.35879709656913,0962
54.26390402623226,0963
45.721603510590874,0964
27.203368054570433,0965
44.28796908585321,0966
52.93965940123579,0967
52.939659401235794,0968
52.93965940123577,0969
52.830269601494614,0970
61.48195991687718,0971
61.59134971661835,0972
70.13365023225977,0973
78.67595074790114,0974
78.78534054764232,0975
78.67595074790115,0976
16.079286907029545,0977
37.179302994949495,0978
3.047206724228547,0979
60.723592665757536,0980
11.299145159449145,0981*
13.83214792698924,0982^
4.352030486860464,0983^
12.796871746579157,0984
18.453725996071537,0985*
19.86793955844463,0986*
8.254930460845697,0987^
22.058209587225562,0988^
7.778174593052025,0989*
8.485281374238573,0990*
7.778174593052025,0991*
7.180457611606656,0992*
6.363961030678929,0993*
6.363961030678929,0994*
9.261337840646418,0995^
11.929607182911953,0996^
20.701374396163253,1000
14.837671091006985,1001^
18.1841784138497,1002
18.85978359870973,1003^
9.996804002390915,1004*
7.778174593052025,1005*
13.262940516245285,1006
10.991790258424583,1007
31.761755109901184,1008
10.853890887981988,1009
12.71335872182224,1010
6.133610117286053,1011^
8.962037242032245,1012^
10.376250804405341,1013*
9.669144023218793,1014^
7.5478236796591505,1015^
25.28840427948109,1016
32.53781157630903,1017
33.135528557754405,1018
70.02426043251859,1019
9.567094351880266,1021*
12.33705413557638,1022
7.358797096569131,1023
6.542300515641405,1024
10.274201133066816,1025*
49.55591225507039,1026
10.14678410679544,1027
16.746103763839677,1028
17.372180125842995,1029
10.25318188091152,1030^
46.37918146892072,1031
46.37918146892072,1032
46.37918146892072,1033
46.37918146892072,1034
44.119961754918485,1035
7.956514078014501,1036
8.663620859201048,1037
13.572928212987001,1038*
33.09004745738831,1039
23.817171575705164,1040
6.692130429902464,1041
15.056091460581394,1042
16.389424793914728,1043
49.55591225507039,1044
41.61132872087437,1045
32.35947209134656,1046
21.96575804427529,1047^
21.96575804427529,1048*
46.607049776739906,1049
9.477125414503671,1050
8.82987961020159,1051
8.761080115123761,1052
8.761080115123761,1053
35.40172994444368,1054
34.62567347803583,1055
8.10634399227556,1056
25.8649518186277,1057
52.939717476664434,1058
41.172229981739996,1059
44.39741696102305,1060
49.714530497381375,1061
52.342000495219054,1062
61.48201799230582,1063
52.93971747666444,1064
51.565944028811224,1065
44.397416961023055,1066
60.88430101086044,1067
61.48201799230582,1068
60.88430101086044,1069
60.88430101086044,1070
61.591407792047,1071
70.02431850794726,1072
69.42660152650187,1073
77.96890204214328,1074
51.565944028811224,1075
53.16568701440596,1076
68.65054506009403,1077
60.21763434419379,1078
60.10824454445261,1079
68.05282807864866,1080
53.04910727640562,1081
53.049107276405614,1082
5.875633848974738,1083
35.85511644538167,1084
44.397416961023055,1085
52.939717476664434,1086
61.48201799230581,1087
70.02431850794726,1088
44.397416961023055,1089
44.39741696102305,1090
52.939717476664434,1091
52.93971747666444,1092
61.48201799230581,1093
61.48201799230582,1094
61.48201799230583,1095
61.48201799230582,1096
70.02431850794726,1097
70.02431850794726,1098
70.02431850794726,1099
70.02431850794727,1100
70.02431850794726,1101
35.85511644538167,1102
44.41668763324416,1103
52.939717476664434,1104
52.93971747666444,1105
61.48201799230582,1106
61.48201799230582,1107
61.48201799230583,1108
70.02431850794726,1109
70.02431850794726,1110
70.02431850794726,1111
70.02431850794727,1112
9.477125414503671,1113
17.965398814367344,1115
51.817406309074215,1116
52.41337471058541,1117
10.044734435456915,1118
49.0616342949898,1119
53.049107276405614,1120
61.70079759178818,1121
44.397416961023055,1122
52.939717476664434,1123
61.48201799230582,1124
70.02431850794726,1125
78.56661902358867,1126
61.48195991687718,1127
6.35238971676841,1128*
6.7911880756158896,1129*
7.547823679659149,1130*
8.164961523469103,1131*
9.826464256025973,1132*
9.648124771063495,1133*
9.030986927253542,1134^
8.254930460845697,1135
9.071427041773424,1136
9.071427041773424,1137
9.669144023218793,1138
9.071427041773424,1139
9.071427041773424,1140
11.299145159449145,1141*
9.986981268414574,1142*
7.5478236796591505,1143^
8.254930460845697,1144^
7.5478236796591505,1145^
14.704420203628876,1146^
11.859414051999735,1147^
7.317472766266274,1148*
11.002477356552127,1149^
9.628703908698911,1150^
9.628703908698911,1151^
9.628703908698911,1152^
9.84748350818127,1153^
10.33581068988546,1154*
10.445200489626638,1155*
7.547823679659149,1156^
10.274201133066816,1157^
6.950106698213779,1158^
8.323880146066994,1159*
7.657213479400327,1160*
9.030986927253542,1161^
6.35238971676841,1162^
9.071427041773424,1163*
10.514150174847936,1164^
10.33581068988546,1165*
11.750024252258555,1166^
9.847483508181268,1167^
9.88792362270115,1168*
10.376250804405341,1169*
9.669144023218793,1170*
10.48564060414652,1171*
7.0594964979549575,1172^
9.071427041773424,1173^
8.364320260586874,1174^
10.554590289367818,1175^
9.14037672699472,1176*
9.88792362270115,1177^
10.445200489626638,1178^
9.847483508181268,1179^
9.847483508181268,1180^
9.071427041773424,1181^
13.273627614372831,1182^
10.376250804405341,1183*
12.416690918925223,1184*
11.818973937479853,1185*
8.364320260586874,1186*
13.164237814631653,1187^
11.08335758559189,1188*
12.78530043266864,1189^
9.669144023218793,1190*
11.042917471072009,1191*
8.962037242032244,1192*
11.928363737221034,1193^
8.364320260586874,1194^
8.364320260586874,1195^
9.669144023218793,1196*
16.74021183508427,1197*
11.859414051999734,1198*
9.669144023218793,1199*
11.859414051999735,1200*
10.376250804405341,1201*
6.840716898472603,1202*
8.254930460845697,1203^
8.254930460845697,1204^
8.962037242032245,1205^
8.962037242032245,1206^
9.669144023218793,1207^
7.5478236796591505,1208^
8.254930460845697,1209*
10.33581068988546,1210*
6.840716898472601,1211*
6.133610117286053,1212*
14.74207733228814,1213^
10.554590289367818,1214*
12.267220234572111,1215*
13.492407213855188,1216^
10.5950304038877,1217*
11.750024252258557,1218^
10.554590289367818,1219*
10.554590289367818,1220*
9.669144023218793,1221*
9.847483508181268,1222*
10.79139711538037,1223*
12.71335872182224,1224*
10.981307914253364,1225*
6.133610117286053,1226^
9.567094351880266,1227^
5.426503336099506,1228^
8.254930460845697,1229^
9.477125414503671,1230
9.030986927253542,1231^
17.213261503245107,1232
8.094413448457095,1233
16.897022647840036,1234
8.485281374238573,1235
34.51664213401028,1236
18.82004423695558,1237
35.85511644538167,1238
44.354193860642575,1239
27.31281592974028,1240
44.397416961023055,1241
53.04910727640562,1242
53.049107276405614,1243
52.93971747666444,1244
52.939717476664434,1245
61.48201799230583,1246
27.411873575453697,1247
36.654892271821886,1248
36.737545883350705,1249
36.45283342682703,1250
28.792962349154685,1251
36.45283342682703,1252
37.33827969297606,1253
35.85511644538167,1254
44.506806760764235,1255
44.50680676076422,1256
44.506806760764235,1257
44.50680676076422,1258
17.213261503245107,1259
17.213261503245107,1260
16.615544521799734,1261
17.920368284431653,1262
18.603555910332595,1263
17.213261503245107,1264
14.284742326859048,1265
13.23443094554387,1266
12.527324164357323,1267
11.313708498984765,1269
5.6568542494923815,1270
58.948310295269245,1271
59.68392664715721,1272
66.01937810713473,1273
66.7549944590227,1274
66.7549944590227,1275
66.15727747757732,1276
74.56167862277614,1277
75.29729497466411,1278
75.29729497466411,1279
75.29729497466411,1280
76.03291132655207,1281
3.932652990377571,1282
8.254930460845697,1283
9.986981268414574,1284
12.348984679394848,1285
8.770018633317125,1286
13.23443094554387,1287
7.778174593052025,1289
7.071067811865477,1290
17.303380630765165,1291
16.746103763839677,1292
23.81717157570516,1293
46.607049776739906,1294
17.372180125843,1295
6.6112502008627025,1296
14.555833735058735,1297
8.720489810460412,1298
17.30338063076517,1299
8.761080115123761,1300
8.720489810460412,1301
7.387306667270548,1302
8.163363133678393,1303
12.796871746579157,1304
59.79610360948976,1305
7.387306667270548,1306
8.82987961020159,1307
7.387306667270548,1308
7.2779168675293695,1309
7.387306667270548,1310
8.720489810460412,1311
8.163363133678393,1312
8.991790258424583,1313
24.593228042113005,1314
16.608204393397084,1315
25.300334823299536,1316
17.38426085980493,1317
14.40585363065421,1318
39.89500599727928,1319
14.434363201355625,1320
8.718741230526234,1321
39.89500599727928,1322
17.343820745285047,1323
20.32032491854996,1324
14.28003499417355,1325
18.949902726229794,1326*
50.2224287315936,1327
50.2224287315936,1328
50.2224287315936,1329
13.293048476737415,1330*
9.579175085842198,1331^
19.13697168962116,1332^
19.13697168962116,1333
18.74145528077519,1335^
15.414368820297058,1336*
16.121475601483606,1337*
12.020815280171313,1338*
23.715672466988895,1339^
17.535689163856702,1340*
12.585941695550867,1341*
6.363961030678929,1342
6.363961030678929,1343
6.363961030678929,1344
8.444841259718691,1345
11.411017564764009,1346
9.261337840646418,1347
9.261337840646418,1348
8.485281374238573,1349
19.258292033180798,1350*
20.143738299329826,1351*
20.143738299329826,1352*
18.36091522321331,1353
17.64507896359788,1354*
18.193267122186537,1355*
18.35218574478443,1356*
19.059292525970974,1357*
12.267220234572111,1358^
14.70726203911051,1359*
12.585941695550867,1360*
15.414368820297057,1361*
17.535689163856702,1362*
18.242795945043248,1363*
16.828582382670152,1364*
14.707262039110509,1365*
15.408029824947064,1366
7.956514078014501,1367^
15.274720869920284,1368
15.402292372143283,1369
10.293621995431398,1370^
20.800072811968732,1371
20.84051292648861,1372
23.916229221418575,1373
20.242795945043248,1374
12.382142733160748,1375
3.7543135054150945,1376
15.49350046940264,1377
4.242640687119286,1378
11.370727640387596,1379
19.775128785586404,1380
19.45321054502623,1381
19.453210545026227,1382
15.739337154131011,1383
38.05272660256525,1384
38.05272660256525,1385
18.822335509814955,1386
15.993908385068766,1387
15.993908385068766,1388
18.822335509814955,1389
15.993908385068766,1390
15.993908385068766,1391
16.701015166255313,1392
13.262790326101818,1393
13.262790326101818,1394
9.480117440128774,1395
7.358797096569131,1396
9.558005643543435,1397^
11.532488098467121,1398*
10.963280687723168,1399
10.008884736352847,1400^
10.715991517539395,1401^
9.289847411347834,1402
9.99695419253438,1403
9.99695419253438,1404
17.189342347959503,1405
20.103298184809947,1406
19.53409077406599,1407
18.93637379262062,1408
3.644923705673916,1409
13.457558647803777,1410*
15.68231801272818,1411
13.457558647803777,1412^
15.193990831023989,1413
20.92768545676258,1414*
14.458374479136026,1415
16.247444428107737,1416
14.345992653769747,1417
16.47030502295449,1418
11.629947354389833,1419
5.875633848974738,1420
20.99768296915233,1421
17.153250336217177,1422^
14.324823211470983,1423^
17.884518585327587,1424*
15.913028156029002,1425*
15.031929992657531,1426^
10.155722624988805,1427
10.862829406175353,1428
10.703910783577463,1429
9.607534466400148,1430*
6.6516903153825835,1431
15.234430945543869,1432*
15.234430945543869,1433*
13.303380630765167,1434*
14.503162696433458,1435*
8.034402281429161,1436^
5.16852706778819,1437
14.199154765133787,1438
22.549795901968018,1439
9.399087020945545,1440^
7.249407296827953,1441
13.572928212987001,1442*
13.435145759814095,1443^
7.140017497086775,1444^
17.096531575101274,1445
15.860657497690653,1446
7.3183569820492504,1447
5.875633848974738,1448
17.079952548218323,1449
5.875633848974738,1450
17.87258804150912,1451^
11.945885829507969,1452
11.707835557804493,1453^
11.190998805398888,1454
15.141620172685641,1455
13.68231801272818,1456
11.101180058165761,1457
8.910910029384821,1458
16.567764278877203,1459
5.059137268047012,1460^
15.791707812469358,1461
7.399237211089012,1462
19.9819778412503,1463^
18.648644507916966,1464^
13.23443094554387,1465^
15.953468270548884,1466*
17.21785191866092,1467*
17.965398814367344,1468*
13.970047297431835,1470*
13.970047297431835,1471*
13.23443094554387,1473*
13.970047297431835,1474*
13.970047297431835,1475*
16.02241795577018,1476*
16.02241795577018,1477*
17.246720719270282,1478*
10.624783420280036,1483^
10.624783420280036,1484^
10.2966140210565,1485^
8.134853562976977,1492
13.193990831023989,1493^
19.453210545026224,1494
5.059137268047012,1495
14.28003499417355,1496
8.623180744681168,1497
49.17806384284668,1498
18.907714031775736,1499
10.374502224471161,1500
10.106193802132092,1501^
14.498814593655906,1502
7.508627010830191,1503
14.647041832318097,1504*
14.606601717798217,1505*
15.913028156029002,1506^
9.480117440128774,1507
9.411167754907478,1508
5.875633848974738,1509
15.653808442026765,1510
15.653808442026763,1511
6.473350830420108,1512
12.906261546320335,1513
14.23959487965367,1514
23.25799593870201,1515
8.663620859201048,1516^
5.059137268047012,1517^
18.907714031775736,1518
21.141023697919927,1519*
21.141023697919927,1520*
21.141023697919927,1521*
7.956514078014501,1522^
12.796871746579157,1523*
14.170645194432371,1524^
7.180457611606656,1525^
14.975211231541632,1526
15.015651346061514,1527
16.050927526471593,1528
5.059137268047012,1529^
15.791707812469358,1530
17.62529887132535,1531
16.211085308952253,1532
17.872588041509122,1533^
11.5699361873619,1534^
13.100879677878826,1535^
14.296313640769565,1536^
13.698596659324195,1537^
14.199154765133787,1538
12.647041832318097,1539
10.89133897687677,1540^
13.45160786942736,1541
11.77678524302579,1542
18.907714031775736,1543
19.126493631258093,1544
23.219454594259783,1545
7.956514078014501,1546
15.056091460581396,1547
15.791707812469356,1548
16.211085308952253,1549
17.213261503245107,1550*
26.404577028946882,1551
17.213261503245107,1552
17.941537726730417,1553
11.520557554648656,1554
9.370727640387596,1555
13.79605591524691,1556*
13.974395400209387,1557*
15.687025345413678,1558*
15.210269477620006,1559*
11.77678524302579,1560
23.64617221914534,1561
22.870115752737494,1562
20.518444495784976,1563
15.83214792698924,1564
15.791707812469358,1565
15.056091460581396,1566
16.211085308952253,1567
15.751267697949476,1568
14.199154765133787,1569
10.850898862356885,1570^
9.289847411347834,1571
11.73634512850591,1572
14.25617390653662,1573
18.268463680263032,1574
19.505581203364574,1575
16.062858070290062,1576
30.05467915448344,1577
10.434363201355628,1578
7.956514078014501,1579
6.542300515641405,1580
26.67410827115276,1581
6.542300515641405,1582
4.680199886083999,1583
27.969491965236976,1584
14.13020507991249,1585
14.894331002501868,1586
17.62965125991106,1587
19.95290506087697,1588
19.162343330362162,1589
22.050631431992816,1590
24.541232953698568,1592
22.23984934779715,1594
20.712945710073768,1596
10.811552003384461,1597
23.46514108884469,1598
24.795278424568934,1599
32.807359158530865,1600
22.310147240473828,1601
11.877236524573606,1602
11.737438384053366,1603
11.737438384053366,1604
19.189342347959506,1605
10.75394902648559,1606
18.04379643783342,1607
19.366797617138996,1608
12.467463187472857,1609
19.47952096536306,1610
17.179861136840945,1611
10.675551403019513,1612
15.51590907158417,1613
18.98001068672192,1614
6.363961030678929,1615
10.773010658942226,1616
10.74450108824081,1617
15.83214792698924,1620
10.968722046048173,1623
10.968722046048173,1624
14.977785951830123,1626
14.417934364616142,1627
7.956514078014501,1628
14.977785951830123,1629
19.83214792698924,1630
14.483892024212336,1631
15.18925022546471,1632
15.21041966776347,1633
13.820217383170775,1634
50.2224287315936,1635
9.54906712535007,1636
20.269707125953953,1637
16.32047510869343,1638
36.10505183252458,1639
59.36244622868034,1640
67.90474674432178,1641
16.689084622436845,1642
17.286801603882218,1643
15.913028156029002,1644
18.66057505173543,1645
17.50558120336457,1646
16.729524736956726,1647
19.477071632663158,1648
13.653808442026765,1649
13.653808442026765,1650
15.530439138246008,1652
14.97521123154163,1653
11.49204798394724,1654
19.205921374842458,1655
9.397338441011366,1656
9.397338441011366,1657
5.6568542494923815,1658
6.542300515641405,1659
22.971131018149556,1660
12.920791612982173,1661
9.477125414503673,1662^
12.118274536094026,1663
16.650242897707678,1664*
13.264538906035998,1665*
18.790984103631903,1666*
22.435907809305817,1667*
15.983576231041011,1668*
13.15514910629482,1669*
13.015651346061514,1670*
11.740935543921724,1671*
14.569362668667917,1672*
16.828582382670152,1673^
17.37677054125881,1674^
12.130205079912491,1675*
12.130205079912491,1676*
12.837311861099039,1677*
9.35130677802301,1678^
11.033828762735176,1679*
13.862255887481368,1680*
15.276469449854464,1681*
12.448042325108272,1682*
13.971645687222546,1683*
16.052525916262308,1684*
16.69068301222756,1685*
14.081035486963724,1686*
16.09296603078219,1687*
20.22301585277072,1688
20.22301585277072,1689
12.675551403019513,1690
16.389424793914728,1691
17.881885789610433,1692
24.268897325615615,1693
41.97052434343915,1694
12.03775353696221,1695
10.859332246306995,1696
11.737438384053366,1697
12.492325408162447,1698
12.492325408162447,1699
15.274871060063752,1700
10.811552003384461,1701
12.417934364616144,1702
8.10634399227556,1703
14.00015525792396,1704*
19.60748068455963,1705*
9.589507239869953,1706
17.285917388099243,1707
10.87046991486494,1708
0.0,1709
7.865305980755143,1710
22.0535610963811,1711
5.76624404923356,1712
8.692130429902464,1713
20.483838242371817,1714
12.726682901475094,1715
51.21968932762885,1716
19.467590421544603,1717
27.996979886138984,1718
22.521962281477443,1719
19.789809042391717,1720
16.608204393397084,1721
28.08832183352585,1722
26.65592656867094,1723
22.200757440732655,1724
12.08976496539261,1725
20.977364469762765,1726
22.71796976306217,1727
22.37689777533055,1728
4.87656659757667,1729
14.636713964098501,1730
24.098649701745444,1731
13.153550716504107,1732
10.303069933676179,1733
25.405076139976227,1734
7.289847411347834,1735
20.563115795812717,1736
12.975211231541632,1737
16.401355337733193,1738
23.3295585680087,1739
14.389424793914728,1740
4.719396554912959,1741
20.146187632029736,1742
23.293052762545575,1743
15.015651346061514,1744
17.205921374842454,1745
17.54441864228559,1746
14.906261546320334,1747
15.763198241767943,1748
7.071067811865477,1749
19.205921374842454,1750
10.337054135576382,1751
13.917676639093488,1752
19.141173888063395,1753
18.543456906618026,1754
19.291003802324457,1755
13.319959657648118,1756
11.49204798394724,1757
8.582740630161286,1758
6.6516903153825835,1759
8.882400458683405,1770
14.067506553354546,1782
19.141173888063395,1783
18.54345690661803,1784
19.291003802324457,1785
10.118274536094026,1786
9.411167754907478,1787
39.550228584107174,1788
20.241197555252537,1789
12.714602167513162,1790
13.710827583429595,1791
20.21268798455111,1792
17.056091460581396,1793
19.108462118919743,1794
17.031934278465688,1795
19.3551880794316,1796
18.564626348916796,1797
21.924958699847465,1798
21.446245986547478,1799
21.45291445054745,1800
27.34307408037587,1801
23.049005800322227,1802
25.94638261028971,1803
20.70890585728023,1804
26.09077116622576,1805
21.48753704397657,1806
26.01056688739685,1807
23.69450302469013,1808
21.361042457285063,1809
31.519465190150928,1810
17.040071458859614,1811
13.044160916762928,1812
9.330287525867714,1813
16.348984679394846,1814
6.163363133678393,1815
5.944583534196036,1816
15.779627078507424,1817
26.64559870045134,1818
32.37923525076127,1819
31.831047092172618,1820
31.603178784353425,1821
29.64986577172851,1822
31.831047092172618,1823
29.64986577172851,1824
30.40475279583759,1825
29.64986577172851,1826
29.64986577172851,1827
29.312757854311606,1828
18.263455967290597,1829
16.608204393397084,1830
25.150504909038496,1831
7.847124278273323,1832
12.87126279012546,1833
15.38426085980493,1834
5.059137268047012,1835
6.473350830420108,1837
7.180457611606656,1838
12.87126279012546,1839
16.299155476251197,1840
19.45321054502623,1841
15.015651346061512,1842
23.55795186170292,1843
7.128446183176255,1844
24.33400832811077,1845
21.27022257699926,1846^
13.141319792398708,1847
16.52732416435732,1848
8.85347358264538,1849
7.399237211089012,1850
15.14162017268564,1851
18.242795945043248,1852*
7.387306667270548,1853
23.131784799439632,1854
19.45321054502623,1855
23.296294970506004,1856
22.698577989060635,1857
23.446124884767066,1858
24.467259215488863,1859
17.924958699847465,1860
27.40208411435113,1861
22.393977759726006,1862
18.04379643783342,1863
16.128306309834844,1864
29.45829774122377,1865
8.886598371317488,1866
24.02402063136905,1867
15.68231801272818,1868
27.20039296180315,1869
21.61941122837809,1870*
11.601437783688418,1871
26.633668156632886,1872
14.458374479136024,1873
19.913028156029004,1874
16.249626653394486,1875
11.411167754907478,1876
5.972942914753984,1877
43.82069442917809,1878
30.876308843752167,1879
14.413193759056862,1880
21.484962323688073,1881
23.049005800322227,1882
30.360848794323132,1883
6.094413448457095,1884
22.224618528369582,1885
18.994690943527235,1886
14.638312353889212,1887
2.449489742783178,1888
3.047206724228547,1889
20.627324875474734,1890
49.35640332780917,1891
13.95811675361337,1892
22.139089816265326,1893
14.28003499417355,1894
17.71336903862429,1895
27.294083664636176,1896
12.144001120934819,1897^
12.851107902121369,1898^
12.851107902121369,1899^
11.436894339748273,1900^
10.241460376857532,1901^
10.948567158044082,1902^
14.851107902121369,1903^
17.074477917019536,1904^
29.899654480343788,1905
23.93445206647125,1906
24.53216904791662,1907
5.128086953268309,1908
3.644923705673916,1909
16.482235566772957,1912
18.812003355787198,1913
17.28839999367293,1914
21.867939558444625,1915
21.867939558444625,1916
16.32047510869343,1917
19.089867396909465,1918
13.698897039611131,1921
8.850898862356889,1922
12.74610376383968,1925
27.253643550116305,1928
21.46379288138931,1930
23.694503024690135,1931
17.83214792698924,1932
14.13020507991249,1934
26.076391289707384,1935
12.865821431800454,1936
14.365563706277797,1937
21.310662691519134,1938
16.608204393397084,1941
16.050927526471597,1942
39.002040425518516,1943
18.689084622436845,1944
16.36091522321331,1945*
7.847124278273323,1946
10.077834421574144,1947
23.436631518143273,1948
2.8284271247461903,1949
7.208967182308072,1950
7.607684656543616,1951^
10.89433100250187,1952
15.475468957064288,1953
4.352030486860464,1954
19.665738985845227,1955
5.6568542494923815,1956
9.370727640387596,1957
11.520557554648656,1958
9.15194804090524,1959
20.229817574056334,1960
12.946701660840217,1962
15.17741180414104,1963
12.130205079912491,1964
14.947060890748165,1966
21.61497100310575,1967
8.886598371317488,1968
24.442947557421533,1969
10.008884736352847,1970
28.318881786683203,1971
37.04126608141307,1972
11.49204798394724,1973
14.648644507916966,1985
16.567764278877203,1987
13.423098298725941,1989
13.423098298725941,1990
15.402288086335126,1992
15.613368327506882,1993
20.022417955770177,1999
4.949747468305834,2000
78.43085518096198,2001
16.567764278877203,2002
6.094413448457095,2008
10.215733792016739,2009
23.676956129848303,2010
29.33517074230129,2011
21.09992397320518,2012
21.35575128910351,2013
25.41377234553133,2014
9.818614707571905,2015
15.791707812469356,2016
16.42986490843461,2017
9.887564392793202,2018
17.412770430506345,2019
19.205921374842458,2020
9.739337154131013,2021
8.813450773462108,2022
10.337054135576382,2023
14.6934327252144,2024
13.65830673494778,2025
21.355751289103516,2026
14.539254708175788,2028
14.539254708175788,2029
17.805241031886695,2032
14.867424107399323,2033
17.80524103188669,2034
11.929607182911953,2035
14.867424107399323,2036
17.80524103188669,2037
11.629947354389833,2038
11.182060287205523,2043
8.841960344163525,2045
24.366294329378892,2046
25.08074123896809,2047
25.81635759085606,2048
28.18144085636809,2050
28.18144085636809,2051
11.929607182911953,2052
14.867424107399323,2053
17.80524103188669,2054
26.097260351719214,2055
22.48259479668091,2058
19.357353964702376,2059
16.389424793914728,2060
11.532488098467121,2062
17.189342347959503,2063
17.189342347959503,2064
15.775128785586409,2065
12.348984679394848,2066
16.389424793914728,2067
24.93172530955613,2068
5.76624404923356,2071
18.079437097173013,2072
8.692130429902464,2073
11.629947354389834,2078
11.113110601984227,2082
15.14162017268564,2083
15.141620172685641,2084
9.968444621832965,2086
8.244243362718155,2087
14.348984679394846,2089
12.417934364616144,2090
15.355751289103514,2091
20.184028223706232,2093
11.261337840646416,2094
15.168080783165944,2095
59.439771222423126,2096
14.97521123154163,2097
13.578369571312008,2098
17.30338063076517,2099
16.050927526471597,2100
16.826983992879445,2101
19.057694136180267,2102
12.225765565757557,2103
13.058690983424766,2104
48.69690179684682,2105
19.02758188987998,2106
8.175293677496857,2107
17.205921374842454,2108
21.108462118919732,2109
10.89433100250187,2110
12.308544564874966,2111
8.663620859201048,2112
10.077834421574144,2113
14.0656077832769,2114
17.77948117417212,2115
20.102734975138027,2116
19.31217324462322,2117
20.848529005102122,2118
0.0,2119
20.65444509614991,2120
20.056728114704544,2121
20.804275010410972,2122
20.65444509614991,2123
20.056728114704544,2124
20.804275010410972,2125
24.78839673629376,2126
24.19067975484839,2127
24.938226650554817,2128
20.572563734057496,2129
20.106256937561255,2130
19.50853995611589,2131
20.256086851822317,2132
15.572928212987,2133
20.106256937561255,2134
19.50853995611589,2135
20.256086851822317,2136
24.2402085777051,2137
23.64249159625973,2138
24.390038491966163,2139
19.787059329404865,2140
7.806684163753442,2141
28.753198184845637,2143
8.951350143904703,2147
3.5355339059327378,2152
17.144161627880344,2153
20.569930938340335,2154
13.572928212987003,2156
14.894331002501868,2157
7.249407296827953,2158
14.038996982653131,2160
15.14162017268564,2163
5.387306667270547,2164
5.9850236487159165,2165
10.256173906536619,2166
23.04900580032223,2167
9.15194804090524,2168
13.382658184206061,2169
15.141620172685641,2170
14.498814593655906,2171
9.93519444557227,2172
16.557436410657605,2173
14.008884736352847,2174
2.449489742783178,2175
17.941537726730417,2176
20.10329818480994,2177
21.068381234307804,2178
21.61656939289646,2179
22.323676174083005,2180
26.890989100557462,2181
16.62013493721555,2182
16.567764278877203,2186
29.68087488086143,2187
25.11006479451861,2188
14.784941202760692,2191
14.647041832318097,2193^
18.103298184809937,2198
15.739337154131013,2199
19.562600344767407,2200
23.736291346665386,2201
27.450164737560605,2202
23.626901546924213,2203
8.82987961020159,2204
22.846196597451872,2205
20.758034307658143,2207
33.75688065421439,2210
8.284683477238035,2211
12.038996982653131,2221
14.976813907140501,2222
17.91463083162787,2223
8.991790258424583,2226
11.601437783688418,2227
8.991790258424583,2228
11.601437783688418,2229
8.065903877755678,2231
12.268104450355084,2233
12.268104450355084,2234
12.03775353696221,2235^
28.484889762506576,2236
12.505061466511103,2237
20.241197555252537,2238
15.056091460581396,2239
6.013533219417333,2240
0.0,2241
6.163363133678392,2242
9.101180058165761,2245
6.6516903153825835,2249
8.134853562976977,2250
5.944583534196036,2251
5.237476753009488,2252
19.38426085980493,2253
11.710827583429596,2254
8.773010658942226,2257
11.520557554648654,2260
9.589507239869953,2261
9.111507926385357,2262
22.200461346253878,2263
16.608204393397084,2264
5.415816237971963,2265
26.3576434431254,2269
14.802313104904162,2270
0.0,2271
4.898979485566357,2272
7.865305980755143,2273
3.4641016151377544,2274
13.065180168918225,2275
27.12199533833708,2276
19.405805872027607,2278
29.979482596406942,2279
14.715991517539392,2280
10.55423105945987,2281
13.710827583429595,2282
17.315311174583634,2283
12.596273849578619,2284
13.530589328389476,2285
9.370727640387596,2286
10.495972758174272,2287
15.093539549476176,2288
14.389424793914728,2289
25.279073258506,2290
17.182853162466042,2291
17.182853162466042,2292
7.8875643927932035,2293
19.157990941776454,2294
5.128086953268309,2295
12.675551403019513,2296
9.111507926385357,2297
15.653808442026763,2298*
3.0472067242285474,2299
7.91607396349462,2300
23.747187484557404,2301
25.121995338337072,2302
6.692130429902464,2303
8.025463763235798,2304
8.025463763235798,2305
8.025463763235798,2306
9.356898326491484,2307
15.382658184206061,2308
27.90074345008308,2309
19.408121947441856,2310
8.841960344163525,2311
26.86925216277863,2312
43.57177359632985,2313
52.114074111971235,2314
17.34382074528505,2315
17.57836957131201,2316
8.10634399227556,2319
19.205921374842454,2320^
18.11987721169289,2321
9.15194804090524,2322*
6.473350830420108,2323*
7.8875643927932035,2324*
15.905145334701153,2325^
14.455382453510921,2326^
7.956514078014501,2327*
7.778174593052025,2328*
8.663620859201048,2329^
8.485281374238573,2330^
7.737734478532144,2331*
34.76387323654535,2332
25.32419591093647,2333
12.647041832318097,2336
12.63022477860504,2337
32.31903197682667,2338
18.026465678260802,2339^
12.448868465462587,2340
33.09508844323452,2342
33.69280542467989,2343
22.172798432653504,2344
12.016584094663447,2345
7.399237211089012,2346
11.970047297431835,2347
3.7543135054150953,2348
16.441795452253075,2350
9.220897726126537,2351
15.402288086335126,2352
23.046013774697123,2353
9.220897726126537,2354
5.387306667270547,2355
10.2966140210565,2356
3.0472067242285474,2358
21.665738985845216,2360
18.907864221919205,2361
21.484962323688073,2362
30.276801546959916,2363
8.70406097372093,2364
6.363961030678929,2365
21.05824469880253,2366
20.46052771735716,2367
21.20807461306359,2368
23.775128785586404,2369
27.291204379550017,2370
50.82014571303897,2371
57.988672780827144,2372
20.758034307658143,2373
28.686038814971212,2374
18.51074513747437,2375
7.030627697345596,2376
21.487537043976566,2377
15.056091460581394,2378
33.05040868066786,2379
16.956733434581032,2380
35.94577398001874,2381
8.70406097372093,2383
22.71796976306217,2384
33.06872782494606,2385
19.965398814367347,2386
10.552841709433638,2387
21.10568341886727,2388
18.930122633957268,2389
8.10634399227556,2390
15.203755489571668,2391
7.071067811865477,2392
15.832147926989238,2393
13.451607869427358,2394
52.33112206437722,2395
9.43879310982592,2396
28.18024839060109,2397
11.566439027493542,2398
15.222500401725403,2399
7.737734478532144,2400
25.181163432152875,2401
30.83337766111967,2402
14.417934364616144,2403
18.822335509814955,2404
8.773010658942226,2413
11.710827583429596,2414
9.411167754907478,2421
13.578369571312008,2422
12.199154765133787,2423
6.363961030678929,2424
7.778174593052025,2425
25.74252558025091,2426
12.87126279012546,2427
9.411167754907478,2428
16.401355337733193,2429
13.601437783688416,2430
13.601437783688416,2431
13.601437783688416,2432
6.363961030678929,2433
8.485281374238573,2434
9.520557554648656,2435
17.61336832750688,2436
8.663620859201048,2437
7.778174593052025,2438
12.323074631536803,2439
8.025463763235798,2440
7.289847411347834,2441
14.883193333943925,2442
15.274871060063752,2445
28.202360116331526,2446
23.832940802249755,2447
20.969173398450906,2448
21.798989873223327,2449
5.059137268047012,2451
16.930122633957264,2452
23.805791594508953,2453
11.877236524573606,2454
17.462149063219588,2455
27.965612139939978,2456
18.7388720901678,2457
36.533830573136484,2458
17.7949584829687,2459
23.731642863600896,2460
16.062858070290062,2461
15.015651346061514,2462
17.056091460581396,2464
4.242640687119286,2465
4.242640687119286,2466
8.58084186008364,2467
10.784941202760692,2468
9.330287525867716,2469
15.530439138246008,2470
20.591625366514133,2471
10.89433100250187,2474
15.286801603882218,2475
7.358797096569131,2476
7.071067811865477,2477
14.239594879653668,2478
25.44391357889724,2479
31.807874609576157,2480
29.68655426601652,2481
32.916748958272045,2482
15.360399772167998,2483
9.567094351880266,2484
3.4641016151377544,2485
20.84852900510212,2491
20.84852900510212,2492
12.199154765133787,2494
12.199154765133787,2495
33.7213149953813,2496
42.41344542528375,2497
33.7213149953813,2498
42.41344542528375,2499
33.7213149953813,2500
50.834425597365495,2501
50.834425597365495,2502
18.663024384435342,2503
17.72311735715601,2504
15.682318012728178,2505
18.522675681292835,2506
11.894608426717078,2507
26.766034828227998,2508
14.389424793914728,2509
29.680424310431007,2510
18.69911639617766,2511
9.3017779551663,2512
10.922840573203286,2513
5.059137268047012,2514
7.996954192534382,2515
12.991790258424585,2516
9.439677325608894,2517
58.16701226578962,2518
16.389424793914728,2519
24.374448442630648,2520
12.087282359818925,2521
26.65592656867093,2522
7.030627697345596,2523
4.242640687119286,2528
3.5355339059327378,2529
4.242640687119286,2530
4.242640687119286,2531
9.589507239869953,2532
4.242640687119286,2533
5.835193734454857,2534
43.531030182749085,2535
3.5355339059327378,2536
3.5355339059327378,2537
10.960288662098067,2538
22.172798432653504,2550
16.849242404917504,2551
18.079437097173013,2552
17.343820745285047,2553
25.88612126092646,2554
21.270222576999263,2555
7.737734478532144,2556
41.38136602445508,2557
18.958632204658684,2558
18.958632204658684,2559
18.958632204658684,2560
22.422733819796434,2561
19.775128785586404,2562
28.208026854436977,2563
20.773090134387367,2564
23.003800277688182,2565
50.73093279416023,2566
15.286801603882218,2567
13.056091460581396,2570
14.756431632059273,2571
11.222500401725405,2573
9.739337154131013,2600
17.355751289103512,2601
20.948304336439083,2602
14.97521123154163,2625
7.3183569820492504,2626
14.417934364616142,2627
14.413193759056862,2628
13.601437783688416,2629
46.51818674196042,2631
39.38778371327788,2632
39.38778371327788,2633
20.59541025961977,2634
21.3429571553262,2635
16.567764278877203,2636
12.27354580868009,2637
18.745803383552747,2638
26.010566887396852,2639
27.719712319782445,2640
11.560997669168536,2641
16.17100442434032,2642
20.332405652511888,2643
16.199513995041734,2644
16.199513995041734,2645
19.057694136180267,2646
14.606601717798217,2647
12.495822568030805,2650*
6.542300515641405,2651
0.0,2652
9.279874487228026,2653*
11.042917471072009,2654^
9.807043393661388,2655*
11.750024252258557,2656^
9.847483508181268,2657^
9.847483508181268,2658*
9.84748350818127,2659*
12.813810003370055,2660*
11.002477356552127,2661^
9.807043393661386,2662*
13.871344595818199,2663*
11.330646755775664,2664^
13.23318749985295,2665^
12.416690918925223,2666*
9.847483508181268,2667^
11.33064675577566,2668^
11.709584137738675,2669*
11.92836373722103,2670*
11.33064675577566,2671^
11.111867156293306,2672*
9.84748350818127,2673*
9.84748350818127,2674*
10.554590289367818,2675*
9.84748350818127,2676*
9.847483508181268,2677*
11.859414051999735,2678^
10.445200489626638,2679*
9.807043393661386,2680*
9.847483508181268,2681^
9.847483508181268,2682^
10.554590289367818,2683^
13.91178471033808,2684^
14.618891491524629,2685^
11.498503896566918,2686*
9.847483508181268,2687^
9.847483508181268,2688^
11.818973937479853,2689*
11.330646755775662,2690^
9.847483508181268,2691^
11.330646755775662,2692^
9.847483508181268,2693^
11.330646755775662,2694*
10.44520048962664,2695^
11.152307270813187,2696^
10.79139711538037,2697*
9.847483508181268,2698*
10.445200489626638,2699^
11.330646755775662,2700^
13.342577299594126,2701*
11.111867156293306,2702*
11.458063782047038,2703*
12.773369888850175,2704^
12.274560362974762,2705*
11.290206641255782,2706*
10.554590289367818,2707*
7.766603279141505,2708*
11.49850389656692,2709*
14.049684080780677,2710^
10.554590289367818,2711^
17.820276232791784,2712*
9.669144023218793,2713*
15.52061640426967,2714*
13.750383482166505,2715^
13.123797700111771,2716*
9.785873951362625,2717
8.262270589248349,2718
3.4641016151377544,2719
1.4142135623730951,2720
24.158118175848195,2721
17.444476780789188,2722
13.980375165651429,2723
17.41262024036288,2724
52.939717476664434,2725
30.383241056488703,2726
21.4809103153893,2727
22.325766276874973,2728
44.55917741910257,2729
28.195245367709312,2730
27.205174709933274,2731
37.95240070860603,2732
37.15994020801357,2733
14.607320177614112,2734
35.3871120488752,2735
13.9100361304039,2736
14.50775311184927,2737
13.202929349217353,2738
14.50775311184927,2739
13.938545701105317,2740
28.624395985278795,2741
9.797512577433068,2742
1.4142135623730951,2743
15.832147926989238,2744
24.263159872811805,2746
20.02960789402937,2747
11.411167754907478,2748
11.968444621832964,2749
11.566439027493542,2750
20.291965537992006,2751
14.596273849578619,2752
19.057694136180263,2753
14.596273849578619,2754
4.719396554912958,2755
27.741791554611407,2756
60.28164362860257,2758
9.218264930409381,2759
9.558005643543435,2760
12.714602167513162,2761
11.08160900565771,2762
13.722758127248062,2763
21.982445525889016,2764
21.384728544443647,2765
22.132275440150075,2766
5.6568542494923815,2767
21.484962323688073,2768
17.92404121119071,2769^
24.193137557867185,2770
29.955863821408258,2771
24.25474711468583,2772
10.134853562976975,2773
10.094413448457095,2774
12.543903191240274,2775
11.751267697949478,2776
13.641877898208298,2777
13.641877898208298,2778
7.289847411347834,2779
12.130205079912491,2780
4.461420286601642,2781
16.987141775360097,2782^
17.844078470807705,2783
35.157786969792454,2784
17.027581889879976,2785
9.192388155425121,2786
57.72036435848808,2787
17.94050332080398,2788
14.396614732173912,2789
23.35110280603902,2790
13.917676639093488,2791
19.141173888063395,2792
18.543456906618026,2793
19.291003802324457,2794
13.319959657648118,2795
14.067506553354546,2799
19.141173888063395,2800
18.54345690661803,2801
19.291003802324457,2802
17.2582920331808,2803
10.118274536094026,2804
9.411167754907478,2805
12.865821431800454,2806
11.301777955166298,2807
10.555833735058739,2808
17.396041213479926,2809
14.470305022954491,2810
17.38426085980493,2811
20.44558034535871,2812
21.389493952557807,2813
19.73113343576951,2814
23.296294970506004,2815
19.84786336391334,2816
20.79177697111244,2817
19.13341645432414,2818
22.698577989060627,2819
20.524711994464294,2820
20.59541025961977,2821
21.53932386681887,2822
19.88096335003057,2823
23.446124884767066,2824
17.006262257437744,2825
13.15340052636064,2826
58.16701226578962,2827
7.574584670426386,2828
33.039250386285765,2829
15.653808442026763,2830
10.48564060414652,2831*
9.370727640387596,2836
14.665073344656447,2837
2.449489742783178,2838
22.37689777533055,2839
6.542300515641405,2840
10.037394307054264,2842
21.099923973205172,2843
20.758034307658143,2844
11.566439027493542,2851
18.3324056525119,2853
35.51780026239264,2854
15.929456992768484,2859
17.872588041509122,2873
8.623180744681168,2876
19.546021317884456,2877
20.997682969152326,2878
20.242795945043245,2879
20.3220777842923,2880
21.265991391491397,2881
20.511104367382316,2882
21.04721179200904,2883
20.99768296915233,2884
21.05929252597097,2885
19.546021317884456,2886
17.803638356287824,2887
21.766399307157517,2888
11.968444621832964,2889
14.239594879653668,2890
12.527324164357323,2893
15.465141088844693,2894
21.068022004399864,2899
16.59627384957862,2912
28.067260845957858,2913
8.254930460845697,2914
48.58958575988162,2915
13.653808442026765,2917
8.773010658942228,2918
49.18730274132699,2919
15.352759263478411,2920
8.51379094493999,2921
30.079291974810022,2922
22.895123877762394,2923
16.062858070290062,2924
8.761080115123761,2925
17.453210545026224,2926
9.15194804090524,2927
10.215733792016739,2929
10.008884736352847,2930
11.710827583429596,2931
6.87046991486494,2932
14.705663649319796,2933
25.448921291869688,2934
21.027941119787922,2935
23.856368244534107,2936
19.016010575969464,2937
19.01601057596946,2938
18.199513995041738,2940
21.027941119787922,2956
22.66093428164338,2957
13.74093982972988,2958
19.01601057596946,2959
18.199513995041738,2960
37.215524571011166,2961
12.33705413557638,2964
9.101180058165763,2971
12.038996982653133,2972
19.01601057596946,2973
18.199513995041738,2974
21.953827500456832,2975
21.735047900974475,2976
21.943495346429074,2977
21.126998765501348,2978
19.016010575969464,2979
20.32083433860138,2980
23.965758044275297,2981
22.44215468216102,2982
19.61372755741483,2983
20.32083433860138,2984
23.856368244534107,2985
21.246720719270286,2986
19.61372755741483,2987
19.01601057596946,2988
19.01601057596946,2989
19.61372755741483,2990
19.61372755741483,2991
21.027941119787926,2992
23.108821348827682,2993
23.856368244534107,2994
18.199513995041738,2995
18.199513995041738,2996
18.199513995041738,2997
18.280394224081494,2998
18.199513995041738,2999
18.975570461449585,3000
20.499173823563854,3001
19.61372755741483,3002
20.3493439093028,3003
19.75162692785743,3004
37.215524571011166,3005
9.80828683935231,3015
16.02241795577018,3024
10.2966140210565,3025
8.991790258424583,3042
11.929607182911953,3043
12.636713964098501,3044
19.01601057596946,3045
19.01601057596946,3046
18.199513995041738,3050
9.589507239869953,3051
8.134853562976977,3057
8.175293677496857,3060
8.134853562976977,3061
13.74093982972988,3066
17.355751289103516,3067
6.87046991486494,3068
6.87046991486494,3069
7.835552964362804,3070
7.6465263812727855,3071
6.163363133678393,3072
6.87046991486494,3073
8.134853562976977,3074
8.134853562976977,3075
7.577576696051488,3076
15.590959725325353,3077
15.400689696544411,3078
12.906261546320335,3079
13.970047297431835,3080
16.050927526471597,3081
12.458374479136026,3082
14.170645194432371,3083
27.041474339205262,3084
24.034707729496596,3085
22.729883966864676,3086
21.735047900974475,3087
22.44215468216102,3088
18.52267568129283,3089
21.735047900974475,3090
22.72988396686468,3091
15.003720802243048,3092
14.29697325096445,3094
11.6418778982083,3095
18.44789642077296,3131
11.291450086946703,3139
19.016010575969464,3144
19.016010575969464,3145
2.449489742783178,3149
6.801520229643643,3150
8.761080115123761,3152
6.542300515641405,3153
2.449489742783178,3154
9.23892923846489,3155
10.729787558561723,3156^
9.315573996188627,3157^
9.534353595670984,3158^
10.729787558561725,3159^
11.50584402496957,3160^
12.920057587342667,3161^
8.786806699964554,3162^
8.60846721500208,3163^
1.4142135623730951,3164
5.387306667270547,3165
8.97985971460612,3166
0.0,3167
3.932652990377571,3168
6.163363133678393,3169
2.449489742783178,3170
3.932652990377571,3171
3.4641016151377544,3172
3.0472067242285474,3173
8.134853562976977,3174
3.932652990377571,3175
11.49850389656692,3176*
11.042917471072007,3177*
9.847483508181268,3178*
10.514150174847936,3179*
9.84748350818127,3180^
9.847483508181268,3181^
9.847483508181268,3182*
11.92836373722103,3183*
10.445200489626638,3184^
13.940294281039497,3185^
12.635470518407582,3186*
10.44520048962664,3187*
13.204677929151533,3188*
11.33064675577566,3189^
10.79139711538037,3190*
11.152307270813187,3191*
5.387306667270547,3192
3.4641016151377544,3193
6.898979485566357,3194
4.87656659757667,3195
12.668537231651026,3196^
4.461420286601642,3197
0.0,3198
0.0,3199
0.0,3200
12.253390920675999,3201^
10.022680777375175,3202*
2.449489742783178,3203
4.898979485566357,3204
0.0,3205
10.554590289367818,3206
10.2966140210565,3207
11.261697070554366,3208
10.554590289367818,3209
9.589507239869953,3210
10.2966140210565,3211
0.0,3212
0.0,3213
17.80606288643285,3393
13.572928212987001,3394*
9.589507239869953,3395^
18.891285195036247,3396
16.389424793914728,3397
14.837311861099037,3398
14.837311861099037,3399
13.653808442026765,3400*
15.832147926989238,3401^
14.458374479136026,3402^
12.308544564874966,3403^
31.721314995381306,3404*
33.313868042716884,3405*
33.842635338940944,3406*
33.135528557754405,3407*
30.945258528973458,3408*
11.601437783688418,3409^
16.975061041398167,3410
23.049005800322227,3411
14.308544564874966,3412^
11.496396086724792,3413^
15.68231801272818,3414
15.613368327506882,3415
15.544418642285585,3416
15.653808442026763,3417
14.837311861099037,3418
15.193990831023989,3419^
15.08460103128281,3420
15.08460103128281,3421
13.572928212987001,3422^
13.572928212987001,3423^
14.061255394691193,3424^
13.572928212987001,3425
18.55118525199425,3426^
15.722758127248062,3427^
15.625298871325349,3428*
16.539254708175786,3429
15.832147926989238,3430
17.246361489362336,3431
15.056091460581394,3432*
15.734688671066527,3433*
12.89433100250187,3435^
13.088949134060362,3436*
13.088949134060362,3437^
13.04850901954048,3438*
13.423098298725943,3439
16.251525423472135,3440^
15.613368327506882,3441*
14.211085308952253,3442*
14.211085308952253,3443^
13.613368327506883,3444^
15.056091460581394,3445*
15.682167822584711,3446
12.491232152614993,3447^
10.14678410679544,3448
16.251525423472135,3449
24.12715927244686,3450*
15.015651346061512,3451^
17.584858756805467,3452^
14.865821431800452,3453*
15.544418642285585,3454
15.613368327506882,3455
15.056091460581394,3456^
14.837311861099037,3457
15.613368327506882,3458
15.613368327506882,3459^
15.613368327506882,3460
14.239594879653668,3461^
15.613368327506882,3462
14.08976496539261,3463
14.837311861099037,3464^
19.7226079371046,3465
15.613368327506882,3466*
13.193990831023989,3467*
10.934771117021752,3468^
15.096531575101276,3469*
18.63206548103401,3470*
13.23443094554387,3471*
13.23443094554387,3472*
12.527324164357323,3476*
9.877236524573608,3481^
10.515393620538857,3482^
13.23443094554387,3488^
12.417934364616146,3489^
9.698897039611131,3490^
24.173696069678478,3491
13.572928212987001,3492
15.613368327506882,3493
13.572928212987001,3494^
12.796871746579157,3495
13.613368327506883,3496
8.094413448457095,3497
8.134853562976977,3498
6.094413448457095,3499^
15.544418642285585,3500*
11.670387468909716,3501^
16.389424793914728,3502
19.722607937104595,3503
13.193990831023989,3504^
13.941537726730418,3505^
15.096531575101276,3506*
13.23443094554387,3507^
13.23443094554387,3508*
12.049324850872729,3509^
14.837311861099037,3510^
20.52702806987855,3511*
17.096531575101277,3512*
18.372845767031777,3513*
14.211085308952253,3514*
17.136971689621156,3515*
15.015651346061514,3516^
13.613368327506883,3517*
13.613368327506883,3518*
14.987141775360097,3519*
16.17064519443237,3520*
14.211085308952253,3521*
14.211085308952253,3522*
10.293621995431401,3523^
12.08976496539261,3524^
16.389424793914728,3525^
8.720489810460412,3526
17.213261503245107,3527
9.35879709656913,3528
11.598445758063315,3529^
10.891338976876767,3530^
21.46379288138931,3531^
18.69153395513675,3532*
15.544418642285585,3533
16.389424793914728,3534^
16.13020507991249,3535^
37.25260925326726,3536
37.25260925326726,3537
36.654892271821886,3538
18.28148747962895,3539
25.27971594362305,3540
18.28148747962895,3541
10.699679598069595,3542
17.213261503245107,3543
22.93961600058105,3545
21.519961079882943,3546
21.484962323688073,3547
20.70890585728023,3548
7.427746781790429,3549
6.133610117286055,3550^
9.76784672483243,3551
6.6516903153825835,3552
25.279715943623046,3553
23.049005800322227,3554
13.558214683307916,3555^
11.65567393923063,3556^
12.267220234572111,3557^
9.607534466400148,3558
6.359729845171064,3559
21.46379288138931,3560^
33.20447824297571,3561
25.933601123562042,3562
6.432910715900227,3563
33.80219522442107,3564
15.015651346061512,3565
33.026138758013225,3566
6.163363133678393,3567
9.76784672483243,3570
6.359729845171064,3571
9.370727640387596,3572*
14.906261546320335,3573^
13.83214792698924,3574^
15.694248556546645,3575*
15.694248556546645,3576*
23.715672466988902,3577
10.89433100250187,3578
9.968444621832965,3579
11.859414051999735,3580
24.196108957668155,3581*
9.192388155425121,3582*
32.42842177656786,3583
6.840716898472603,3584^
10.789289305538244,3585^
10.191572324092874,3586^
17.80363835628782,3587^
8.962037242032245,3588^
9.370727640387596,3589
8.065903877755678,3590
27.960061734042355,3591
16.291965537992017,3592^
14.987141775360097,3593^
15.584858756805467,3594^
10.227664335835204,3595
10.554590289367818,3596*
10.554590289367818,3597*
13.871344595818199,3598*
11.859414051999735,3599^
12.566520833186283,3600^
9.669144023218793,3601*
10.376250804405341,3602^
12.457131033445105,3603^
8.254930460845697,3604^
16.856582533320157,3605
16.89702264784004,3606
44.55917741910257,3607
45.33523388551042,3608
45.33523388551041,3609
27.960061734042355,3610
16.430224138342556,3611*
7.071067811865477,3612
51.73934311296119,3613
68.823944144244,3614
51.003726761073224,3615
68.08832779235603,3616
50.40600977962786,3617
58.21269394338128,3618
15.791707812469356,3619^
23.04900580032223,3620
25.234510420989007,3621
12.796871746579157,3622
12.796871746579157,3623
12.67416205299328,3625
9.667395443284613,3626^
14.46079900928105,3627^
15.167905790467598,3628^
13.86308202783568,3629^
12.339478665721407,3630^
13.046585446907955,3631^
11.632371884534859,3632^
5.128086953268309,3633
21.89346138932911,3634
10.155722624988806,3635*
16.101132299539156,3636
15.325075833131311,3637
14.508579252203585,3638
13.753692228094502,3639
14.57018880902223,3640
13.753692228094502,3641
11.698897039611131,3642*
10.991790258424583,3643^
11.848726953872191,3644*
10.394073276979213,3645^
13.046585446907955,3646^
11.79129050713275,3647^
13.753692228094502,3648^
15.957816373326438,3649*
15.222200021438471,3650^
12.39377289669228,3651^
11.68666611550573,3652^
13.348469228349535,3653^
13.072670487464345,3654^
15.108579036189427,3655^
16.78654387835956,3656*
16.78654387835956,3657*
19.55336144628711,3658*
17.213261503245107,3659
12.339478665721407,3660^
11.243102348544094,3661^
13.360399772168,3662*
10.381842352873814,3663
11.101180058165761,3664^
11.101180058165761,3665^
11.698897039611131,3666^
11.698897039611131,3667^
11.698897039611131,3668^
12.61285287646157,3669^
11.945885829507969,3670
13.412770430506345,3671*
16.17224787003124,3672*
13.562600344767406,3673*
9.646526381272785,3674^
15.42470097432481,3675*
16.02241795577018,3677*
12.527324164357323,3678*
16.769964851476608,3679*
17.156751781893686,3680*
15.42470097432481,3681*
16.02241795577018,3682*
15.42470097432481,3683*
16.062858070290062,3684*
13.941537726730418,3685*
13.23443094554387,3686*
13.453210545026227,3687*
17.50558120336457,3689*
16.798474422178025,3690*
13.262940516245287,3691*
11.865305980755142,3693^
13.182060287205523,3694^
8.841960344163525,3695^
10.244243362718155,3696^
14.164665428990325,3697^
19.443971646545933,3698
11.129389248580242,3699
17.213261503245107,3700
13.348469228349535,3701^
17.213261503245107,3702*
12.463022962200512,3703^
12.67416205299328,3704*
17.213261503245107,3705
10.293621995431398,3706
10.891338976876767,3707
14.85534337343739,3708*
19.55336144628711,3709
11.598445758063315,3710
47.84079124175352,3711
25.28840427948109,3712
8.193320904027052,3713*
8.9004276852136,3714*
9.607534466400148,3715*
9.753133195153342,3716*
6.840716898472603,3717
9.030986927253542,3718*
9.071427041773424,3719*
9.071427041773424,3720*
1.4142135623730951,3721
13.182060287205523,3725^
13.182060287205523,3726*
9.26867796904907,3727
5.128086953268309,3728^
8.254930460845697,3729*
7.140017497086775,3730^
10.566161603278335,3731*
10.606601717798217,3732*
12.497571147964985,3733*
7.547823679659149,3734^
16.033105053897724,3735^
13.911784710338083,3736*
17.412770430506345,3737
42.20904570231974,3738
6.779107341653957,3739^
52.62567777162395,3740
10.376250804405341,3741^
6.840716898472601,3742*
9.628703908698911,3743^
7.158554143668383,3744*
9.071427041773424,3745*
7.0594964979549575,3746*
7.766603279141505,3747*
8.302710703768229,3748^
13.164237814631653,3749*
8.193320904027052,3750^
8.9004276852136,3751^
9.607534466400148,3752^
8.962037242032245,3753^
7.547823679659149,3754^
5.645282935581863,3755^
4.012289773726411,3756^
7.486214122840505,3757^
12.514150174847934,3758*
13.91178471033808,3759*
9.669144023218793,3760*
6.950106698213779,3761*
9.120955864630135,3762*
8.413849083443587,3763*
13.164237814631653,3764*
7.547823679659149,3765*
11.042917471072007,3766*
11.042917471072009,3767^
9.807043393661386,3768*
9.7566303550217,3769^
9.847483508181268,3770*
9.84748350818127,3771*
9.807043393661388,3772*
9.807043393661388,3773*
9.030986927253542,3774*
9.030986927253542,3775*
9.030986927253542,3776*
9.030986927253542,3777*
9.628703908698911,3778*
9.669144023218793,3779*
7.657213479400327,3780*
9.628703908698911,3781*
9.030986927253542,3782*
5.426503336099506,3783^
9.030986927253542,3784*
6.133610117286053,3785^
7.158554143668383,3786*
9.030986927253542,3787^
9.669144023218793,3788^
10.514150174847936,3789*
9.669144023218793,3790^
9.669144023218793,3791^
13.123797700111771,3792^
11.859414051999735,3793^
10.803477849342302,3794*
8.072359790375355,3795*
9.847483508181268,3796*
9.071427041773424,3797*
7.547823679659149,3798*
9.071427041773424,3799*
6.133610117286053,3800^
9.071427041773424,3801*
6.840716898472601,3802^
9.140376726994722,3803*
7.7261631646216244,3804*
7.657213479400327,3805^
9.030986927253542,3806^
10.376250804405341,3807*
7.5478236796591505,3808^
9.88792362270115,3809^
9.88792362270115,3810^
10.554590289367818,3811*
11.08335758559189,3812*
9.669144023218793,3813*
9.738093708440092,3814*
9.669144023218793,3815^
10.48564060414652,3816^
9.180816841514602,3817*
7.875993078882684,3818*
7.766603279141505,3819*
9.071427041773424,3820^
9.071427041773424,3821*
9.071427041773424,3822^
9.071427041773424,3823^
9.030986927253542,3824^
10.554590289367818,3825^
12.457131033445105,3826*
12.457131033445105,3827*
11.083357585591889,3828*
13.164237814631653,3829^
13.164237814631653,3830^
10.376250804405341,3831*
11.498503896566918,3832*
11.498503896566918,3833^
9.847483508181268,3834^
9.847483508181268,3835*
9.071427041773424,3836^
10.376250804405341,3837*
11.152307270813187,3838*
9.847483508181268,3839*
9.071427041773424,3840*
9.071427041773424,3841^
8.921597127512365,3842^
13.164237814631653,3843^
9.73809370844009,3844*
8.364320260586874,3845^
9.180816841514602,3846*
8.364320260586874,3847^
8.583099860069233,3848*
9.071427041773424,3849^
9.071427041773424,3850^
10.554590289367818,3851^
11.083357585591889,3852*
13.164237814631653,3853*
11.859414051999734,3854*
12.457131033445105,3855*
9.071427041773424,3856^
12.497571147964985,3857*
9.669144023218793,3858*
8.962037242032245,3859*
8.364320260586876,3860*
7.657213479400327,3861*
8.254930460845697,3862*
6.950106698213779,3863*
8.254930460845697,3864*
6.840716898472603,3865^
9.669144023218793,3866^
9.669144023218793,3867^
7.842893092765455,3868*
14.557281934705983,3869^
9.628703908698911,3870*
9.009817484954779,3871*
8.254930460845697,3872*
8.254930460845697,3873*
12.485640604146521,3874*
7.0594964979549575,3875*
13.123797700111771,3876*
7.766603279141505,3877*
8.962037242032245,3878*
12.274560362974762,3879*
12.274560362974762,3880*
11.88792362270115,3881*
12.274560362974762,3882*
10.376250804405341,3883*
14.74207733228814,3884*
12.315000477494646,3885*
12.274560362974762,3886^
11.899854166519617,3887*
12.046692055155576,3888*
14.716350747447342,3889*
14.756790861967223,3890*
13.273627614372831,3891*
11.750024252258557,3892*
11.49850389656692,3893^
14.687841176745927,3894*
10.595030403887698,3895*
13.91178471033808,3896*
13.273627614372831,3897*
11.302137185074248,3898*
13.273627614372831,3899*
10.44520048962664,3900*
8.962037242032244,3901*
11.152307270813187,3902*
11.330646755775662,3903*
12.315000477494644,3904^
12.851107902121369,3905*
12.082391564116175,3906*
12.049266775444067,3907*
12.049266775444067,3908*
10.33581068988546,3909*
6.840716898472601,3910^
9.716924266141326,3911^
6.242999917027231,3912^
6.133610117286055,3913^
4.719396554912958,3914^
8.254930460845697,3915*
11.709584137738673,3916^
8.962037242032245,3917^
6.840716898472601,3918^
8.254930460845697,3919^
8.254930460845697,3920^
7.5478236796591505,3921^
6.610365985079726,3922^
7.486214122840505,3923^
9.071427041773424,3924^
6.779107341653957,3925^
12.524332138732222,3926
7.486214122840505,3927*
21.455902190364394,3928
13.751267697949476,3929*
19.258292033180798,3930*
13.751267697949476,3931*
17.096531575101274,3932*
15.613368327506882,3933*
24.903215738854712,3934*
15.096531575101276,3935^
24.16759938696674,3936*
17.465141088844693,3937*
15.981977841250298,3938*
12.48688404983744,3939*
23.420052491260314,3940*
22.834266053633407,3941*
24.20803950148662,3942*
23.610322520041255,3943*
15.136971689621157,3944^
15.953468270548884,3945*
16.079286907029545,3946*
16.079286907029545,3947*
16.079286907029545,3948*
14.837311861099037,3949*
43.03967197743053,3950
27.203368054570433,3951
6.6112502008627025,3952
11.359156326477075,3953
17.412770430506345,3954
20.518294305641493,3955^
9.577576696051489,3956
